Country,Year,Status,Life expectancy ,Adult Mortality,infant deaths,Alcohol,percentage expenditure,Hepatitis B,Measles , BMI ,under-five deaths ,Polio,Total expenditure, HIV/AIDS,GDP,Population,Income composition of resources
Afghanistan,2015,Developing,65,263,62,0.01,71.27962362,65,1154,19.1,83,6,8.16,0.1,584.25921,33736494,0.479
Afghanistan,2014,Developing,59.9,271,64,0.01,73.52358168,62,492,18.6,86,58,8.18,0.1,612.696514,327582,0.476
Afghanistan,2012,Developing,59.5,272,69,0.01,78.1842153,67,2787,17.6,93,67,8.52,0.1,669.959,3696958,0.463
Afghanistan,2011,Developing,59.2,275,71,0.01,7.097108703,68,3013,17.2,97,68,7.87,0.1,63.537231,2978599,0.454
Afghanistan,2010,Developing,58.8,279,74,0.01,79.67936736,66,1989,16.7,102,66,9.2,0.1,553.32894,2883167,0.448
Afghanistan,2009,Developing,58.6,281,77,0.01,56.76221682,63,2861,16.2,106,63,9.42,0.1,445.8932979,284331,0.434
Afghanistan,2008,Developing,58.1,287,80,0.03,25.87392536,64,1599,15.7,110,64,8.33,0.1,373.3611163,2729431,0.433
Afghanistan,2007,Developing,57.5,295,82,0.02,10.91015598,63,1141,15.2,113,63,6.73,0.1,369.835796,26616792,0.415
Afghanistan,2006,Developing,57.3,295,84,0.03,17.17151751,64,1990,14.7,116,58,7.43,0.1,272.56377,2589345,0.405
Afghanistan,2004,Developing,57,293,87,0.02,15.29606643,67,466,13.8,120,5,8.79,0.1,219.1413528,24118979,0.381
Afghanistan,2003,Developing,56.7,295,87,0.01,11.08905273,65,798,13.4,122,41,8.82,0.1,198.7285436,2364851,0.373
Afghanistan,2002,Developing,56.2,3,88,0.01,16.88735091,64,2486,13,122,36,7.76,0.1,187.84595,21979923,0.341
Afghanistan,2001,Developing,55.3,316,88,0.01,10.5747282,63,8762,12.6,122,35,7.8,0.1,117.49698,2966463,0.34
Afghanistan,2000,Developing,54.8,321,88,0.01,10.42496,62,6532,12.2,122,24,8.2,0.1,114.56,293756,0.338
Albania,2015,Developing,77.8,74,0,4.6,364.9752287,99,0,58,0,99,6,0.1,3954.22783,28873,0.762
Albania,2014,Developing,77.5,8,0,4.51,428.7490668,98,0,57.2,1,98,5.88,0.1,4575.763787,288914,0.761
Albania,2013,Developing,77.2,84,0,4.76,430.8769785,99,0,56.5,1,99,5.66,0.1,4414.72314,289592,0.759
Albania,2012,Developing,76.9,86,0,5.14,412.4433563,99,9,55.8,1,99,5.59,0.1,4247.61438,2941,0.752
Albania,2011,Developing,76.6,88,0,5.37,437.0621,99,28,55.1,1,99,5.71,0.1,4437.17868,295195,0.738
Albania,2010,Developing,76.2,91,1,5.28,41.82275719,99,10,54.3,1,99,5.34,0.1,494.358832,291321,0.725
Albania,2009,Developing,76.1,91,1,5.79,348.0559517,98,0,53.5,1,98,5.79,0.1,4114.136545,2927519,0.721
Albania,2008,Developing,75.3,1,1,5.61,36.62206845,99,0,52.6,1,99,5.87,0.1,437.539647,2947314,0.713
Albania,2007,Developing,75.9,9,1,5.58,32.24655228,98,22,51.7,1,99,6.1,0.1,363.13685,29717,0.703
Albania,2006,Developing,74.2,99,1,5.31,3.3021542,98,68,5.8,1,97,5.86,0.1,35.1293,2992547,0.696
Albania,2005,Developing,73.5,15,1,5.16,26.99312143,98,6,49.9,1,97,6.12,0.1,279.142931,311487,0.685
Albania,2004,Developing,73,17,1,4.54,221.8428,99,7,48.9,1,98,6.38,0.1,2416.588235,326939,0.681
Albania,2003,Developing,72.8,18,1,4.29,14.71928882,97,8,47.9,1,97,6.27,0.1,189.681557,339616,0.674
Albania,2002,Developing,73.3,15,1,3.73,104.5169157,96,16,46.9,1,98,6.3,0.1,1453.642777,3511,0.67
Albania,2001,Developing,73.6,14,1,4.25,96.20557078,96,18,46,1,97,6,0.1,1326.97339,36173,0.662
Albania,2000,Developing,72.6,11,1,3.66,91.71154052,96,662,45,1,97,6.26,0.1,1175.788981,38927,0.656
Algeria,2015,Developing,75.6,19,21,,0,95,63,59.5,24,95,,0.1,4132.76292,39871528,0.743
Algeria,2014,Developing,75.4,11,21,0.01,54.2373183,95,0,58.4,24,95,7.21,0.1,547.8517,39113313,0.741
Algeria,2012,Developing,75.1,113,21,0.66,555.9260834,95,18,56.1,24,95,6.14,0.1,5564.82566,37565847,0.732
Algeria,2011,Developing,74.9,116,21,0.56,509.0020405,95,112,55,24,95,5.29,0.1,5432.2523,36819558,0.724
Algeria,2010,Developing,74.7,119,21,0.45,430.7175861,95,103,53.9,24,95,5.12,0.1,4463.394675,36117637,0.714
Algeria,2009,Developing,74.4,123,20,0.5,352.0636419,94,107,52.8,23,94,5.36,0.1,3868.83123,3546576,0.705
Algeria,2008,Developing,74.1,126,20,0.46,43.08717334,91,217,51.8,23,92,4.2,0.1,495.254866,3486715,0.697
Algeria,2007,Developing,73.8,129,20,0.44,320.3239241,9,0,5.8,23,95,3.82,0.1,3935.183343,34376,0.69
Algeria,2006,Developing,73.4,132,20,0.36,270.2401962,8,944,49.8,23,95,3.36,0.1,3464.6179,33777915,0.686
Algeria,2005,Developing,72.9,136,19,0.5,2.548922758,83,2302,48.9,22,88,3.24,0.1,31.122378,33288437,0.68
Algeria,2004,Developing,72.3,14,19,0.45,220.393699,81,3289,47.9,23,86,3.54,0.1,2598.9823,3283196,0.673
Algeria,2003,Developing,71.7,146,20,0.34,25.0185226,83,15374,47,23,87,3.6,0.1,294.33556,3243514,0.663
Algeria,2002,Developing,71.6,145,20,0.36,148.5119843,81,5862,46.1,23,86,3.73,0.1,1774.33673,3199546,0.653
Algeria,2001,Developing,71.4,145,20,0.23,147.9860714,82,2686,45.3,24,89,3.84,0.1,1732.857979,31592153,0.644
Algeria,2000,Developing,71.3,145,21,0.25,154.4559436,90,0,44.4,25,86,3.49,0.1,1757.17797,3118366,0.636
Antigua and Barbuda,2011,Developing,75.7,136,0,7.84,1810.875316,99,0,45.1,0,99,5.65,0.1,11929.34991,212492,0.782
Antigua and Barbuda,2008,Developing,75.2,142,0,8.27,180.7762695,98,0,43.2,0,99,4.69,0.1,1473.31923,8121423,0.786
Antigua and Barbuda,2007,Developing,75,144,0,8.64,257.9665308,97,0,42.6,0,98,4.27,0.1,14252.29452,5432.2523,0.781
Antigua and Barbuda,2006,Developing,74.8,145,0,8.93,216.3146941,99,0,42,0,99,4.34,0.1,12724.39377,1175.788981,0.773
Antigua and Barbuda,2005,Developing,74.6,147,0,8.15,1455.608186,99,0,41.4,0,98,4.41,0.1,11371.93895,1774.33673,0
Antigua and Barbuda,2002,Developing,74,153,0,7.21,927.4075855,99,0,39.5,0,93,4.41,0.1,9386.716452,1175.788981,0
Argentina,2015,Developing,76.3,116,8,,0,94,0,62.8,9,93,,0.1,13467.1236,43417765,0.826
Argentina,2013,Developing,76,119,8,8.28,1001.796332,94,0,61.6,10,99,4.99,0.1,12976.63642,42539925,0.823
Argentina,2010,Developing,75.5,121,10,8.15,187.610955,94,17,59.8,11,95,6.55,0.1,1276.265,41223889,0.802
Armenia,2011,Developing,73.9,128,1,4.09,260.9963826,95,0,51.9,1,96,3.71,0.1,3526.978143,2875581,0.729
Armenia,2008,Developing,73.2,14,1,3.96,2.8888979,89,0,5.1,1,91,3.8,0.1,41.26997,29822,0.721
Armenia,2003,Developing,72.7,134,1,3.03,7.341493148,93,4,48.1,1,96,5.56,0.1,93.1661567,31786,0.657
Armenia,2000,Developing,72,142,1,2.9,32.75626853,55,15,47.1,1,96,6.25,0.1,622.7427477,369588,0.639
Australia,2015,Developed,82.8,59,1,,0,93,74,66.6,1,93,,0.1,56554.3876,23789338,0.937
Australia,2014,Developed,82.7,6,1,9.71,10769.36305,91,340,66.1,1,92,9.42,0.1,62214.6912,2346694,0.936
Australia,2013,Developed,82.5,61,1,9.87,11734.85381,91,158,65.5,1,91,9.36,0.1,67792.3386,23117353,0.933
Australia,2012,Developed,82.3,61,1,10.03,11714.99858,91,199,65,1,92,9.36,0.1,67677.63477,22728254,0.93
Australia,2011,Developed,82,63,1,10.3,10986.26527,92,190,64.4,1,92,9.2,0.1,62245.129,223424,0.927
Australia,2010,Developed,81.9,64,1,10.52,8875.786493,92,70,63.9,1,92,9.2,0.1,51874.848,223175,0.927
Australia,2009,Developed,81.7,66,1,10.62,7172.275229,94,104,63.4,1,92,9.5,0.1,42742.99898,216917,0.925
Australia,2008,Developed,81.3,66,1,10.76,8547.292357,94,65,62.9,1,92,8.78,0.1,49664.6854,212492,0.921
Australia,2006,Developed,81.2,66,1,10.31,6187.062017,95,0,62,2,92,8.49,0.1,36118.28381,26979,0.915
Australia,2005,Developed,81,67,1,10.3,579.1331637,95,10,61.5,2,92,8.45,0.1,3416.71483,23948,0.91
Australia,2004,Developed,86,69,1,9.84,588.568371,95,70,6.9,1,92,8.57,0.1,3472.37977,21274,0.908
Australia,2003,Developed,83,71,1,9.97,3829.550928,95,91,6.3,1,92,8.32,0.1,23465.38559,198954,0.905
Australia,2002,Developed,79.9,73,1,9.84,46.3871819,95,32,59.6,2,92,8.39,0.1,281.81763,196514,0.902
Australia,2000,Developed,79.5,78,1,10.17,347.18736,68,108,58.2,2,9,8.8,0.1,2169.921,19153,0.897
Austria,2015,Developed,81.5,65,0,,0,93,309,57.6,0,93,,0.1,43665.947,8633169,0.892
Austria,2014,Developed,81.4,66,0,12.32,8350.193523,98,117,57.1,0,98,11.21,0.1,51322.63997,8541575,0.892
Austria,2013,Developed,81.1,68,0,11.82,90.58501176,95,0,56.6,0,95,11.14,0.1,554.71532,8479375,0.887
Austria,2012,Developed,88,7,0,12.26,7878.372355,92,36,56.1,0,92,11.17,0.1,48333.57273,8429991,0.884
Austria,2010,Developed,84,75,0,12.1,7423.228774,86,52,55.2,0,86,11.17,0.1,46657.629,836344,0.872
Austria,2006,Developed,79.8,81,0,12.4,69.92899358,83,23,53.2,0,83,1.35,0.1,443.99361,8268641,0.854
Austria,2005,Developed,79.4,85,0,12.4,5992.588029,86,9,52.7,0,86,1.53,0.1,38242.4252,8227829,0.848
Austria,2004,Developed,79.3,86,0,12.1,5316.877456,83,15,52.2,0,83,1.56,0.1,36693.4262,8171966,0.841
Austria,2003,Developed,78.8,88,0,12.2,504.4308735,83,90,51.7,0,84,1.48,0.1,3212.9355,8121423,0.837
Austria,2002,Developed,78.7,9,0,12.5,3979.057728,81,0,51.2,0,82,1.27,0.1,26351.37568,881957,0.847
Austria,2001,Developed,78.6,92,0,12.4,3582.848308,44,0,5.6,0,83,1.12,0.1,24489.73553,842293,0.837
Austria,2000,Developed,78.1,96,0,13.2,3557.455507,33,0,5.1,0,71,1.6,0.1,24517.26745,811566,0.833
Azerbaijan,2014,Developing,72.5,119,5,0.01,306.1824313,94,0,51.5,6,97,6.4,0.1,7891.299776,953579,0.752
Azerbaijan,2013,Developing,72.2,121,5,2.14,275.6514934,93,164,5.6,6,96,5.54,0.1,7875.756953,941681,0.745
Azerbaijan,2012,Developing,71.9,123,5,0.01,285.6103912,88,0,49.7,6,92,5.37,0.1,7496.335728,9295784,0.742
Azerbaijan,2010,Developing,71.1,13,5,1.98,246.5686008,8,0,48,6,85,5.33,0.1,5842.85784,954332,0.737
Azerbaijan,2009,Developing,78,132,6,2.1,22.48638351,74,0,47.3,6,84,5.85,0.1,495.294791,8947243,0.728
Azerbaijan,2006,Developing,69.2,154,6,0.85,105.6337264,52,222,45.3,7,8,6.17,0.1,2473.85776,848455,0.682
Azerbaijan,2005,Developing,68.4,162,6,0.73,81.28883085,49,1238,44.7,7,79,7.86,0.1,1578.4239,839185,0.675
Azerbaijan,2003,Developing,67.8,154,7,0.55,42.41491183,51,1978,43.6,8,79,6.56,0.1,883.6439965,82341,0.659
Azerbaijan,2001,Developing,67.5,151,8,0.51,4.104190077,68,574,42.6,10,77,4.48,0.1,73.6838434,81112,0.642
Azerbaijan,2000,Developing,66.6,16,9,0.65,35.09462644,88,210,42.1,11,75,4.67,0.1,655.974326,8486,0.636
Bahamas,2008,Developing,74.5,167,0,10.15,0,9,0,6.1,0,93,7.3,0.1,,,0.791
Bahamas,2002,Developing,73.1,19,0,10.85,0,89,0,56,0,93,5.26,0.1,,,0.781
Bahrain,2014,Developing,76.8,7,0,1.57,367.2556742,98,46,62.9,0,98,4.98,0.1,24983.3792,,0.82
Bahrain,2013,Developing,76.7,7,0,1.65,3.968695982,99,0,62.2,0,99,4.69,0.1,251.18329,,0.815
Bahrain,2012,Developing,76.5,71,0,1.7,2211.215778,99,0,61.5,0,99,4.37,0.1,23649.36661,,0.812
Bahrain,2008,Developing,75.8,76,0,2,231.5478912,97,2,58.5,0,97,3.17,0.1,2367.56535,,0.815
Bangladesh,2015,Developing,71.8,129,92,,0,97,240,18.3,113,97,,0.1,121.15812,1612886,0.575
Bangladesh,2013,Developing,71,135,104,0.01,52.82986467,96,237,17,130,96,2.88,0.1,951.8894535,157571292,0.565
Bangladesh,2012,Developing,77,137,111,0.01,59.2589257,94,1986,16.4,139,94,3.8,0.1,856.342857,15572753,0.557
Bangladesh,2010,Developing,69.9,142,126,0.01,62.65945432,94,788,15.2,161,94,3.6,0.1,757.6717572,15214912,0.535
Bangladesh,2009,Developing,69.5,144,135,0.01,53.26400378,97,718,14.6,173,97,2.91,0.1,681.125368,1545478,0.523
Bangladesh,2008,Developing,69.1,147,144,0.01,42.48865034,96,2660,14,186,96,2.85,0.1,615.7775411,14885814,0.52
Bangladesh,2007,Developing,68.6,151,154,0.01,46.36536703,95,2924,13.5,201,96,2.8,0.1,541.651484,147139191,0.513
Bangladesh,2006,Developing,68.2,152,164,0.01,42.3304549,86,6192,13,215,95,2.8,0.1,494.51466,1453684,0.506
Bangladesh,2004,Developing,67.3,158,185,0.01,4.11469667,11,9743,12,247,88,2.62,0.1,46.7579167,14137489,0.491
Bangladesh,2003,Developing,66.8,161,196,0.01,35.48458957,5,4067,11.6,264,9,2.51,0.1,432.7388972,139191,0.484
Bangladesh,2002,Developing,66.3,164,207,0.01,0.397228764,69,3484,11.2,280,83,2.59,0.1,4.6135745,1366667,0.476
Bangladesh,2001,Developing,65.8,168,219,0.01,3.395069781,68,4414,1.8,298,85,2.47,0.1,42.5981152,1341716,0.468
Bangladesh,2000,Developing,65.3,173,231,0.01,3.69633051,90,5098,1.4,316,83,2.33,0.1,45.63371,131581243,0.459
Belarus,2009,Developing,70,226,0,14.09,434.7985025,98,0,58.7,1,98,6.9,0.1,5176.172649,956765,0.771
Belarus,2007,Developing,69.8,226,1,14.22,464.077513,91,1,57.7,1,9,6.44,0.1,4735.484827,956953,0.739
Belarus,2006,Developing,68.9,243,1,12.6,364.426052,98,149,57.2,1,97,6.34,0.1,3848.215966,964924,0.723
Belarus,2005,Developing,68.1,252,1,11.01,45.65007798,99,1,56.7,1,98,6.89,0.1,3126.71767,9663915,0.713
Belarus,2003,Developing,67.7,253,1,11.17,23.83578594,56,21,55.8,1,53,6.59,0.1,1819.525644,9796749,0.695
Belarus,2002,Developing,67.2,262,1,12.23,145.4233629,99,14,55.3,1,99,6.47,0.1,1479.383142,9865548,0.687
Belarus,2000,Developing,68,247,1,12.98,24.24947846,7,21,54.4,1,99,6.13,0.1,1276.28834,997961,0.675
Belgium,2014,Developed,89,76,0,12.6,7163.348923,98,70,63.4,1,99,1.59,0.1,47439.39684,112957,0.89
Belgium,2013,Developed,87,77,0,11.77,702.359357,98,39,63,1,99,1.57,0.1,4651.38647,11182817,0.889
Belgium,2010,Developed,80,81,0,10.22,665.7356115,97,40,61.9,1,98,1.17,0.1,4438.23741,1895586,0.878
Belgium,2005,Developed,78.9,89,0,12.27,5068.214488,77,26,6.2,1,97,9.24,0.1,36967.28292,1478617,0.861
Belgium,2003,Developed,78.3,95,0,11.28,507.306164,64,44,59.4,1,96,9.3,0.1,3743.95693,1376133,0.878
Belgium,2000,Developed,77.6,11,1,11.21,287.2084529,6,0,58.1,1,96,8.12,0.1,2327.4591,125125,0.869
Belize,2012,Developing,69.4,189,0,6.66,582.8027185,98,0,48.5,0,98,5.45,0.1,4673.63848,33671,0.702
Belize,2008,Developing,69.6,181,0,7.22,51.25232422,94,0,45.7,0,94,5.9,0.1,447.22796,36165,0.699
Belize,2002,Developing,68.5,199,0,4.99,262.8299189,97,0,42,0,93,4.38,0.1,3556.561825,26226,0.678
Bhutan,2002,Developing,62.5,282,1,0.29,151.9755193,83,27,14.9,1,89,7.75,0.1,885.6382245,66399,0
Bhutan,2001,Developing,61.7,29,1,0.14,8.574029812,89,756,14.4,1,88,5.91,0.1,87.9387673,5896,0
Bhutan,2000,Developing,62,312,1,0.17,93.35872844,98,418,13.9,1,98,6.91,0.1,765.8632358,573416,0
Bolivia (Plurinational State of),2002,Developing,63.9,234,14,2.26,0,77,0,44,18,76,6.53,0.1,,,0.61
Bolivia (Plurinational State of),2000,Developing,62.6,243,15,2.32,0,77,122,42.6,20,74,5.67,0.1,,,0.6
Bosnia and Herzegovina,2015,Developing,77.4,88,0,,0,82,1677,55.8,0,74,,0.1,4574.9787,3535961,0.747
Brunei Darussalam,2015,Developing,77.7,78,0,,0,99,4,41.2,0,99,,0.1,3967.8951,,0.864
Brunei Darussalam,2013,Developing,77.1,84,0,0.01,2845.306444,98,0,39.2,0,99,2.61,0.1,44597.27968,,0.86
Bulgaria,2014,Developed,74.3,138,1,12.03,153.1400362,95,0,65.1,1,88,8.44,0.1,7853.335191,7223938,0.787
Bulgaria,2005,Developed,72.1,16,1,10.48,456.3404657,96,3,59.7,1,97,7.8,0.1,3893.68998,7658972,0.745
Canada,2015,Developing,82.2,64,2,,0,55,195,67,2,91,,0.1,43315.744,3584861,0.919
Canada,2013,Developing,81.8,67,2,8.2,9733.228019,55,83,65.8,2,91,1.67,0.1,52413.72116,35155451,0.909
Canada,2012,Developing,81.6,68,2,8.3,9748.636237,7,10,65.3,2,99,1.78,0.1,52496.69487,3475545,0.907
Canada,2007,Developing,85,74,2,8.3,7946.743581,14,101,62.5,2,9,9.83,0.1,44544.5268,32887928,0.894
Canada,2003,Developing,79.7,78,2,7.7,4687.845565,14,15,6,2,88,9.54,0.1,28172.14883,31676,0.877
Canada,2000,Developing,79.1,82,2,7.6,3787.49456,68,206,57.8,2,88,8.67,0.1,24124.16917,37697,0.864
Chile,2008,Developing,79.6,88,2,7.31,241.5533381,95,0,59.3,2,95,6.87,0.1,1781.3668,16661942,0.804
Chile,2005,Developing,78.4,93,2,7.57,954.9644887,68,0,57.4,2,92,6.69,0.1,7615.3468,1614764,0.79
Chile,2003,Developing,77.9,1,2,6.37,584.0993429,90,1,56.1,2,96,7.34,0.1,4787.699532,15799542,0.775
Chile,2001,Developing,77.3,16,2,6.1,687.5116825,67,0,54.7,3,96,6.51,0.1,4595.666327,15444969,0.761
Colombia,2001,Developing,71.5,165,17,4.43,404.4205858,8,3,47.5,21,83,5.96,0.1,2395.856551,498899,0.653
Comoros,2010,Developing,61.8,246,2,0.15,47.30421873,74,0,21.6,2,82,5.82,0.1,769.1742883,689692,0.476
Comoros,2009,Developing,61.3,251,2,0.17,56.98952474,83,1,21.1,2,84,3.82,0.1,778.5454199,673252,0.465
Comoros,2008,Developing,61,255,2,0.12,93.36788979,81,0,2.6,2,81,5.13,0.1,795.97519,657229,0.461
Comoros,2007,Developing,66,259,2,0.16,9.087638194,75,0,2.1,2,75,4.93,0.1,72.759313,64162,0.459
Comoros,2004,Developing,59.8,269,2,0.27,7.212110766,77,0,18.8,2,73,3.96,0.1,616.4197236,597228,0
Cook Islands,2013,Developing,,,0,0.01,0,98,0,82.8,0,98,3.58,0.1,,,
Costa Rica,2012,Developing,79.2,97,1,3.34,2568.237059,91,0,57.5,1,9,9.56,0.1,9985.36959,4654122,0.758
Costa Rica,2011,Developing,79,98,1,3.41,2429.854745,84,0,56.5,1,82,9.73,0.1,9186.59639,46474,0.752
Cyprus,2003,Developed,78.5,66,0,10.62,158.7087399,88,0,54.3,0,98,6.83,0.1,2293.4789,993563,0.815
Cyprus,2001,Developed,78.2,69,0,10.16,100.8086193,89,0,53.3,0,97,5.78,0.1,1562.92433,96282,0.8
Democratic People's Republic of Korea,2002,Developing,67.6,167,14,3.08,0,68,0,26.2,18,99,,0.1,,,
Democratic People's Republic of Korea,2000,Developing,65.4,192,18,3.52,0,69,0,25.2,25,93,,0.1,,,
Egypt,2000,Developing,68.8,171,65,0.14,0,98,2633,5.7,82,98,5.55,0.1,,,0.606
France,2015,Developing,82.4,78,2,,0,86,157,62.5,3,98,,0.1,36526.7711,6662468,0.894
Iceland,2011,Developed,82.1,51,0,8.13,7.0480925,91,0,59.3,0,95,8.65,0.1,46.217,31914,0.894
Indonesia,2003,Developing,66.9,189,173,0.05,8.460155758,64,24457,17.5,215,8,2.53,0.1,164.59447,22545214,0.613
Indonesia,2002,Developing,66.7,189,177,0.05,43.17867291,63,14492,16.7,222,8,2.27,0.1,899.5556857,2175859,0.608
Japan,2015,Developed,83.7,55,2,,0,72,35,29,3,99,,0.1,34474.13736,127141,0.902
Japan,2014,Developed,83.5,57,2,0.01,88.83362243,88,462,28.6,3,99,1.23,0.1,3896.21151,127276,0.899
Japan,2012,Developed,83.3,58,2,7.39,121.5869163,64,228,27.8,3,99,1.17,0.1,4863.47665,127629,0.889
Japan,2007,Developed,82.6,67,3,7.29,6599.995239,88,0,25.4,4,97,8.25,0.1,35275.22843,1281,0.877
Kiribati,2005,Developing,64.9,213,0,0.6,111.7392134,5,0,72.1,0,74,1.6,0.1,1214.556667,92325,0
Kiribati,2001,Developing,64.3,219,0,0.6,59.97185848,85,0,68.8,0,88,9,0.1,734.9492461,85858,0
Kyrgyzstan,2004,Developing,67.1,218,4,3.41,0,99,8,37.5,4,98,5.57,0.1,,,0.609
Singapore,2015,Developed,83.1,55,0,1.79,0,96,0,33.2,0,96,,0.1,53629.73746,,0.924
Singapore,2014,Developed,82.9,56,0,1.83,7971.646361,96,0,32.9,0,96,4.92,0.1,56336.7234,,0.922
Switzerland,2015,Developed,83.4,49,0,,0,88,35,57.4,0,97,,0.1,8989.8424,8282396,0.938
Switzerland,2014,Developed,83.2,51,0,9.61,19479.91161,88,23,57,0,96,11.66,0.1,85814.58857,8188649,0.936
Angola,2015,Developing,52.4,335,66,,0,64,118,23.3,98,7,,1.9,3695.793748,2785935,0.531
Angola,2014,Developing,51.7,348,67,8.33,23.965612,64,11699,22.7,101,68,3.31,2,479.31224,2692466,0.527
Angola,2013,Developing,51.1,355,69,8.1,35.95857279,77,8523,22.1,105,67,4.26,2.3,484.616884,2599834,0.523
Angola,2012,Developing,56,358,72,8.24,256.1225243,75,4458,21.5,110,75,3.3,2.6,4598.249988,259615,0.508
Angola,2011,Developing,51,361,75,8.06,239.8913921,72,1449,21,115,73,3.38,2.5,4299.12889,24218565,0.495
Angola,2010,Developing,49.6,365,78,7.8,191.6537407,77,1190,2.4,121,81,3.39,2.5,3529.53482,23369131,0.488
Angola,2009,Developing,49.1,369,81,7.01,212.9229325,61,2807,19.8,127,63,4.37,2.5,3347.84485,22549547,0.48
Angola,2008,Developing,48.7,371,84,7.07,249.9101958,69,265,19.3,133,65,3.84,2.6,3868.578883,2175942,0.468
Angola,2007,Developing,48.2,375,87,6.35,184.8213446,73,1014,18.8,138,75,3.38,2.6,2878.837144,2997687,0.454
Angola,2006,Developing,47.7,381,90,5.84,25.08688824,88,765,18.2,143,36,4.54,2.5,262.415149,2262399,0.439
Angola,2005,Developing,47.4,382,92,5.04,98.19145117,72,258,17.7,148,39,4.1,2.6,1443.991929,19552542,0.426
Angola,2004,Developing,47.1,386,94,3.53,8.8667775,88,29,17.2,152,4,4.71,2.5,141.86844,18865716,0.415
Angola,2003,Developing,46.8,388,95,3.49,35.93349121,88,1196,16.8,155,4,4.41,2.4,779.468356,1823369,0.406
Angola,2002,Developing,46.5,391,96,2.82,24.037942,72,11945,16.3,157,37,3.63,2.3,711.181716,17572649,0.401
Angola,2001,Developing,45.7,44,97,2.58,30.35993647,88,9046,15.8,159,41,5.38,2.1,526.168743,16983266,0.391
Angola,2000,Developing,45.3,48,97,1.85,15.88149254,88,2219,15.4,160,3,2.79,2,555.2969419,1644924,0.382
Antigua and Barbuda,2015,Developing,76.4,13,0,,0,99,0,47.7,0,86,,0.2,13566.9541,,0.784
Barbados,2003,Developing,73.7,121,0,7.65,13.5139917,91,0,45.4,0,9,5.82,0.4,1228.5447,,0.753
Belize,2005,Developing,69,191,0,6.25,365.799896,96,0,43.8,0,96,4.45,0.8,3933.332215,283277,0.695
Belize,2004,Developing,68.7,197,0,6.2,325.6807462,97,0,43.2,0,97,4.39,0.8,3831.53819,27689,0.691
Belize,2000,Developing,68.3,196,0,4.79,219.0239836,76,0,4.8,0,91,3.98,0.3,3364.423711,247315,0.668
Benin,2015,Developing,60,249,25,,0,82,55,25.7,39,78,,1,783.94791,1575952,0.481
Benin,2014,Developing,59.7,252,25,0.01,90.12206791,78,786,25.2,39,74,4.59,1.1,943.686575,1286712,0.475
Benin,2012,Developing,59.3,251,25,0.01,9.80407467,8,288,24.1,39,8,4.86,1.3,837.9551,972916,0.458
Benin,2011,Developing,59.1,251,25,1.4,110.2633619,75,426,23.5,39,77,5.37,1.4,825.9427854,94682,0.454
Benin,2010,Developing,58.7,254,25,1.33,94.25737917,76,392,23,39,77,4.95,1.4,757.695974,9199259,0.451
Benin,2009,Developing,58.4,259,25,1.16,71.01399249,79,1461,22.5,39,8,4.46,1.6,793.45243,894476,0.448
Benin,2008,Developing,57.6,278,25,1.28,7.615430126,75,928,22,39,77,4.2,1.8,82.1513498,8696916,0.444
Benin,2007,Developing,57.1,283,25,1.12,7.49281752,82,341,21.5,39,82,4.55,2,76.535419,8454791,0.438
Benin,2006,Developing,56.8,284,25,1.19,75.91429496,74,176,21,39,76,4.75,2,625.8392,8216896,0.434
Benin,2005,Developing,56.5,285,25,1.13,7.106997355,7,210,2.5,39,73,4.73,2.1,61.799977,7982225,0.43
Benin,2004,Developing,56.1,285,25,1.15,10.73628066,75,262,2.1,39,74,4.56,2.1,583.493514,7754,0.423
Benin,2003,Developing,55.8,285,25,1.35,8.931827297,73,217,19.7,40,75,4.63,2.1,519.2922847,752555,0.416
Benin,2002,Developing,55.6,283,25,1.23,40.48815233,15,1588,19.2,40,76,4.27,2.1,418.6985763,7295394,0.407
Benin,2001,Developing,55.5,281,25,1.29,45.33476384,88,5859,18.8,40,77,4.69,2.1,378.73654,776733,0.395
Benin,2000,Developing,55.4,279,25,1.34,37.38182018,72,4244,18.4,40,78,4.34,2,374.1923942,6865951,0.389
Bhutan,2010,Developing,67.9,228,1,0.28,244.0391949,91,21,2.3,1,92,5.17,0.5,2178.921383,727641,0
Bhutan,2009,Developing,67.4,232,1,0.17,27.48907048,93,6,19.5,1,93,6.3,0.4,177.234497,714458,0
Bhutan,2008,Developing,67,234,1,0.21,302.667579,96,7,18.8,1,96,6.58,0.4,1795.18137,795,0
Bhutan,2007,Developing,66.5,238,1,0.16,283.806236,95,11,18,1,93,5.88,0.3,1741.142552,686958,0
Bhutan,2004,Developing,64.2,263,1,0.96,2.586698228,89,3,16.1,1,9,4.41,0.3,197.45788,64282,0
Bhutan,2003,Developing,63.3,273,1,0.52,19.15664091,95,0,15.5,1,96,4.9,0.2,997.7417141,623434,0
Bolivia (Plurinational State of),2011,Developing,69.3,198,9,3.93,0,95,0,49.9,11,95,5.49,0.2,,,0.649
Bolivia (Plurinational State of),2006,Developing,66.2,219,11,3.23,0,83,0,46.7,15,82,5.19,0.2,,,0.625
Bolivia (Plurinational State of),2005,Developing,65.7,222,12,2.86,0,85,0,46,16,84,5.67,0.2,,,0.622
Bolivia (Plurinational State of),2004,Developing,65.1,226,12,2.66,0,84,0,45.4,16,84,5.22,0.2,,,0.62
Bolivia (Plurinational State of),2003,Developing,64.5,23,13,2.37,0,8,0,44.7,17,82,5.3,0.2,,,0.617
Botswana,2012,Developing,63.4,3,2,0.01,12.83447357,95,7,36.2,3,96,6.27,4.4,729.231453,289315,0.687
Botswana,2011,Developing,62.2,325,2,5.76,668.9562854,95,8,35.7,3,96,5.25,5.5,7645.21469,251339,0.678
Botswana,2010,Developing,61.1,349,2,5.99,547.0386679,95,853,35.2,3,96,5.64,6.2,6346.15624,214866,0.669
Botswana,2007,Developing,56.9,436,2,6.21,512.5887995,93,1,33.7,3,96,4.71,13.4,5714.47937,1914414,0.63
Botswana,2004,Developing,48.1,652,2,4.9,469.5823898,91,1,32.2,4,96,5.56,28.4,4896.583835,182933,0.58
Botswana,2003,Developing,46.4,693,2,5.51,299.3671252,9,59,31.6,4,96,4.65,31.9,4163.6596,184339,0.567
Botswana,2002,Developing,46,699,2,6.41,6.3300072,88,7,31.1,4,97,6.47,34.6,355.618382,1779953,0.558
Botswana,2001,Developing,46.7,679,2,5.48,306.9527349,87,1,3.5,4,97,5.73,37.2,3128.97793,1754935,0.56
Botswana,2000,Developing,47.8,647,2,5.37,250.8916484,86,2672,29.9,4,97,4.64,38.8,3349.68823,172834,0.559
Burkina Faso,2013,Developing,59,27,40,4.64,88.97040214,88,375,18.2,66,89,5.91,0.7,699.452847,1772723,0.392
Burkina Faso,2006,Developing,54.3,32,47,4.73,64.24025208,76,125,14.6,86,94,6.58,2,422.6332374,13829177,0.325
Burkina Faso,2005,Developing,53.3,313,48,4.88,8.769989329,88,253,14.2,89,94,6.87,2.3,46.998871,1342193,0
Burkina Faso,2003,Developing,51.6,332,49,4.58,41.60951275,72,2946,13.3,92,83,5.61,2.9,332.344351,12654621,0
Burundi,2015,Developing,59.6,288,21,,0,94,9,18.7,31,94,,0.7,33.681223,119927,0.406
Burundi,2012,Developing,58,312,22,0.01,38.73170505,96,49,17.1,33,96,8.21,1.2,265.285651,931971,0.393
Burundi,2011,Developing,57.4,321,22,4.16,3.595980333,96,129,16.6,33,95,8.58,1.5,26.479973,94358,0.385
Burundi,2006,Developing,54.1,361,24,4.5,21.24915339,92,784,14.5,36,88,11.49,3.8,165.8794176,7675338,0.29
Burundi,2005,Developing,53.4,369,24,5.54,1.747440948,87,0,14.1,37,82,9.84,4.3,15.57434,7423289,0.286
Burundi,2004,Developing,52.6,378,24,5.72,11.22655347,83,2,13.8,38,76,7.1,4.8,127.4296648,7182451,0.279
Burundi,2003,Developing,51.9,387,24,5.84,6.545263634,88,224,13.5,38,75,5.25,5.1,112.849373,6953113,0.276
Burundi,2002,Developing,51.5,387,24,5.98,9.660010196,72,1016,13.3,39,74,5.15,5.2,122.4335893,6741569,0.268
Burundi,2001,Developing,51.3,385,25,6.09,10.61917585,88,0,13,40,72,4.96,5.3,133.7427689,6555829,0.268
C“te d'Ivoire,2014,Developing,52.8,47,58,0.01,0,76,50,27.4,80,76,5.72,2,,,
C“te d'Ivoire,2013,Developing,52.3,412,59,3.15,0,8,48,26.8,81,79,5.81,2.4,,,
C“te d'Ivoire,2012,Developing,52,415,59,3.24,0,82,137,26.2,82,83,6.14,2.9,,,
C“te d'Ivoire,2008,Developing,54,437,60,2.69,0,74,12,23.8,85,58,6.21,4.1,,,
C“te d'Ivoire,2007,Developing,49.9,443,61,2.58,0,76,5,23.2,87,75,6.35,5.3,,,
C“te d'Ivoire,2006,Developing,49.4,452,62,2.65,0,77,11,22.6,89,76,5.87,5.8,,,
C“te d'Ivoire,2003,Developing,48,473,64,3.12,0,63,4770,2.9,92,68,4.65,6.7,,,
C“te d'Ivoire,2000,Developing,47.9,461,67,3.45,0,88,5729,19.4,95,66,6,7.1,,,
Cabo Verde,2009,Developing,72.4,124,0,4.45,339.9777364,98,0,26.8,0,99,4.24,0.4,3444.5566,496963,0.621
Cambodia,2009,Developing,66.1,195,15,2.13,48.35423978,92,4779,15.9,17,95,6.36,0.6,738.2326684,14928,0.52
Cambodia,2008,Developing,65.6,199,16,2.24,53.10009046,91,4211,15.3,18,91,5.55,0.7,745.7877873,138859,0.511
Cambodia,2006,Developing,64.1,216,17,2.03,51.50447119,8,188,14.3,21,8,4.48,1.1,539.8791529,13474489,0.483
Cambodia,2005,Developing,62.9,234,18,1.99,62.21817261,88,264,13.9,22,82,5.84,1.4,474.2238766,132721,0.47
Cambodia,2004,Developing,61.5,253,19,1.38,8.38611924,63,352,13.5,24,86,6.43,1.7,48.615184,1363377,0.458
Cambodia,2003,Developing,63,268,21,1.44,55.59543946,88,653,13.1,26,69,6.74,1.9,362.4213785,12853124,0.445
Cambodia,2001,Developing,58.5,273,25,1.71,27.68971051,63,3761,12.4,33,59,5.7,2.2,321.22634,1242473,0.412
Cambodia,2000,Developing,57.7,274,27,1.51,0.328418056,63,12237,12.1,36,62,5.87,2.1,3.685949,12152354,0.401
Cameroon,2013,Developing,56.4,364,48,0.01,63.07890158,89,760,27.8,73,88,4.29,4,1365.34419,21655715,0.501
Cameroon,2012,Developing,55.9,369,50,0.01,68.55839112,85,609,27.2,76,85,4.34,4.6,1255.648189,2182383,0.496
Cameroon,2008,Developing,54.2,382,56,5.9,68.7073044,84,495,24.9,87,82,5.18,6.7,1233.524316,18978,0.466
Cameroon,2007,Developing,53.6,395,57,5.44,7.562892922,82,100,24.4,89,81,4.76,7,111.71186,18395389,0.456
Cameroon,2004,Developing,52.1,412,59,4.71,7.177302132,63,358,22.8,94,72,4.73,7.5,93.211716,1695981,0.455
Cameroon,2003,Developing,51.8,412,60,4.64,67.63925302,88,899,22.3,95,72,4.97,7.7,824.8689393,16513822,0.452
Cameroon,2000,Developing,51.4,394,62,3.91,4.720593531,63,14629,2.9,100,57,4.48,7.7,68.414399,15274234,0.433
Central African Republic,2015,Developing,52.5,397,15,,0,47,150,22.7,21,47,,4.4,348.381417,45461,0.347
Central African Republic,2012,Developing,53,439,16,0.01,7.344808214,47,141,21.2,23,47,3.62,5.1,486.41114,449416,0.366
Central African Republic,2011,Developing,49.8,443,16,1.66,58.52947463,47,679,2.7,24,47,3.73,5.8,494.336779,4476153,0.361
Central African Republic,2010,Developing,49.2,446,17,1.67,43.48359197,45,2,2.2,24,46,3.9,6.6,446.4434494,4448525,0.352
Central African Republic,2009,Developing,48.6,453,17,1.56,40.45156933,42,11,19.8,25,45,3.58,7.3,449.961839,44423,0.345
Central African Republic,2008,Developing,47.6,477,17,1.52,67.34137528,63,12,19.4,25,46,4.3,8.3,456.8614334,4345386,0.338
Central African Republic,2006,Developing,46.3,56,17,1.54,46.90117916,88,3,18.6,26,47,3.99,10,347.673678,421758,0.323
Central African Republic,2005,Developing,45.9,511,17,1.5,40.92207976,63,471,18.2,26,47,4.29,11.2,327.1149461,412791,0.319
Central African Republic,2002,Developing,45.6,58,17,1.47,31.5941587,88,938,17.2,25,42,4.16,13.4,253.768343,397612,0.315
Chad,2015,Developing,53.1,356,46,,0,46,418,19.1,77,52,,2.8,777.248751,149413,0.394
Chad,2013,Developing,52.2,366,46,0.64,76.52382535,39,226,18.2,78,46,3.42,3.1,986.13177,13133589,0.387
Chad,2010,Developing,51.2,364,46,0.5,43.57328908,39,194,17.1,80,43,2.95,4.1,896.5697341,1188722,0.36
Chad,2006,Developing,48.5,414,45,0.41,62.67225971,61,1594,15.7,80,49,3.32,5.1,712.1847694,1421597,0.303
Chad,2003,Developing,48.4,43,44,0.42,3.979243535,61,15801,14.8,77,36,5.49,5.1,292.5914364,935321,0.284
Comoros,2015,Developing,63.5,227,1,,0,91,0,24.2,2,92,,0.8,727.6463868,777424,0.498
Comoros,2014,Developing,63.2,23,1,0.01,73.86584922,88,0,23.7,2,87,6.75,0.8,852.954379,759385,0.497
Congo,2015,Developing,64.7,267,7,,0,8,1359,27.4,10,8,,2.8,1622.637974,9987333,0.59
Congo,2012,Developing,63.7,273,7,0.01,0,62,260,25.6,10,61,3.98,3.3,4739147,852.954379,0.557
Congo,2008,Developing,59.4,338,8,2.58,0,73,2,23.3,11,77,2.9,4.3,414.796232,193.794956,0.527
Congo,2007,Developing,58.2,354,8,2.75,0,64,84,22.8,11,71,2.54,5,414.796232,1814.492297,0.517
Congo,2003,Developing,53.2,417,9,2.45,0,61,3712,2.7,14,5,2.61,6.8,852.954379,169711,0.492
Congo,2001,Developing,52.7,419,9,2.3,0,63,2152,19.8,14,32,2.44,7.6,414.796232,7885689,0.487
Congo,2000,Developing,52.9,416,9,2.26,0,68,1678,19.3,14,31,2.13,7.8,193.794956,1622.637974,0.487
Democratic Republic of the Congo,2012,Developing,58.3,277,239,0.01,0,75,72029,2.1,317,76,3.77,1.5,9237566,4739147,0.402
Democratic Republic of the Congo,2011,Developing,57.9,278,239,1.82,0,74,133802,19.6,319,77,3.53,1.6,494.336779,852.954379,0.416
Democratic Republic of the Congo,2008,Developing,56.3,295,237,2.09,0,65,12461,18.2,324,64,4.46,1.8,852.954379,169711,0.687
Democratic Republic of the Congo,2007,Developing,55.7,299,236,1.52,0,7,55577,17.8,326,72,3.61,1.9,7885689,9237566,0.687
Democratic Republic of the Congo,2006,Developing,55,36,235,1.53,0,68,80123,17.3,327,62,3.39,2,9237566,169711,0.402
Democratic Republic of the Congo,2004,Developing,53.5,323,232,1.44,0,69,44934,16.5,330,52,3.34,2.1,193.794956,3577.176197,0.416
Djibouti,2013,Developing,62.7,256,1,0.53,229.4410095,82,28,33.8,2,82,9.14,2.1,1622.637974,896688,0.464
Dominican Republic,2005,Developing,69.7,28,7,5.71,289.7418649,87,0,48.2,8,86,4.26,2,3681.5993,9237566,0.668
Dominican Republic,2001,Developing,71.2,188,7,6.13,340.0239945,66,113,44.1,9,71,5.59,2.5,2862.154836,8697126,0.656
Equatorial Guinea,2005,Developing,54.4,337,3,7.19,12.0661671,69,0,2.2,4,5,1.63,4.9,185.63334,757317,0.563
Equatorial Guinea,2003,Developing,53.8,334,3,7.13,309.7834587,68,18,19.5,4,46,2.23,3.6,3577.176197,694611,0.554
Eritrea,2014,Developing,64.4,261,5,0.01,0,94,127,18,8,94,3.34,0.4,852.954379,852.954379,0.416
Eritrea,2013,Developing,64,266,6,0.01,0,94,45,17.5,8,94,3.1,0.5,852.954379,852.954379,0.414
Eritrea,2012,Developing,63.6,274,6,0.01,0,94,194,17,8,94,2.98,0.6,852.954379,852.954379,0.41
Eritrea,2010,Developing,62.1,298,6,0.61,17.35739784,9,51,16,9,9,3.24,0.9,482.14994,43984,0.404
Eritrea,2009,Developing,61.4,311,6,0.63,1.575160196,92,82,15.5,9,92,3.3,1,43.7544499,431334,0.402
Ethiopia,2015,Developing,64.8,225,136,,0,77,17745,17.6,194,75,,0.6,645.4637627,9987333,0.441
Ethiopia,2006,Developing,57.2,328,196,1.22,22.18952246,68,1451,14.2,304,59,4.47,3.3,193.794956,7885689,0.346
Gabon,2014,Developing,65.5,237,2,0.01,715.2816939,7,33,35.8,3,68,3.44,2.8,9692.163874,1875713,0.687
Gabon,2013,Developing,64.6,255,2,8.86,154.8758879,79,122,35.2,3,77,3.98,3.7,9679.742995,1817271,0.678
Gabon,2011,Developing,62.8,289,2,8.9,133.5223672,75,2,34.1,3,75,3.12,6,1716.2258,169711,0.664
Gabon,2010,Developing,62.3,294,2,8.85,145.318282,67,1,33.5,3,68,3.41,7,8754.113376,16421,0.66
Gabon,2008,Developing,61.6,298,2,8.75,11.05422474,82,3,32.4,3,81,2.54,8.9,194.2746,1536411,0.651
Gambia,2002,Developing,56.6,298,3,2.08,0,92,32,19.1,6,86,3.75,2.5,852.954379,852.954379,0.392
Ghana,2015,Developing,62.4,249,37,,0,88,23,28.6,52,88,,0.7,1361.11395,27582821,0.575
Ghana,2013,Developing,61.9,254,38,0.01,28.66897829,9,319,27.3,55,91,4.63,0.9,1814.492297,26346251,0.57
Ghana,2011,Developing,61.2,263,40,1.64,225.2219474,91,120,26.1,58,91,4.81,1.3,1574.978653,25121796,0.554
Ghana,2005,Developing,58.9,296,41,1.5,78.71123825,84,435,22.4,62,85,4.51,3.1,498.172394,215429,0.499
Guinea,2010,Developing,57.8,291,29,0.2,29.74734049,64,45,2.8,44,62,4.55,2.2,438.7513346,179417,0.38
Guinea,2005,Developing,54.7,327,32,0.21,1.099665984,68,99,18.5,51,59,2.82,2.7,33.424498,9679745,0.346
Guinea-Bissau,2005,Developing,53.9,37,5,3.1,22.09757984,68,0,2.1,8,73,5.72,5.4,424.9534585,138838,0
Guyana,2013,Developing,65.9,218,0,7.56,345.9044258,98,0,45,1,98,5.1,0.3,3944.178173,75881,0.633
Guyana,2006,Developing,65.2,24,1,7.04,170.6325842,93,0,39.6,1,92,4.67,1.1,1945.6395,74961,0.622
Haiti,2014,Developing,63.1,245,14,0.01,5.103249438,48,0,48.8,19,55,7.56,0.5,83.1148117,1572466,0.487
Haiti,2010,Developing,36.3,682,23,5.76,36.2929176,68,0,44.2,58,66,8.9,1.9,662.2795182,9999617,0.47
India,2010,Developing,66.4,196,1200,2.77,57.73359864,38,31458,15.9,1600,76,4.28,0.2,1345.77153,12398691,0.569
Lesotho,2015,Developing,53.7,484,4,,0,93,0,32.6,6,9,,9.3,173.82893,2174645,0.495
Lesotho,2007,Developing,46.2,633,4,2.69,9.18432717,9,2,28.3,6,87,8.47,30,918.432717,1982287,0.44
Lesotho,2005,Developing,44.5,675,5,2.67,57.90369752,87,0,27.4,6,88,6.3,34.8,862.9463118,1949543,0.437
Lesotho,2004,Developing,44.8,666,5,1.8,67.91361818,6,31,26.9,7,89,6.96,34.6,781.5145936,1933728,0.439
Lesotho,2003,Developing,45.5,648,5,1.99,5.300902041,17,1,26.4,7,9,7.13,33.8,63.636279,191897,0.44
Lesotho,2000,Developing,49.3,543,5,3.1,29.86616464,68,660,24.9,7,82,6.92,29.8,474.8197876,1868699,0.445
Liberia,2003,Developing,50,42,13,4.21,9.758449266,71,142,21.1,18,49,3.44,3.2,133.494518,3116233,0.373
Madagascar,2011,Developing,63.8,241,31,0.97,78.79967196,73,0,18.5,43,73,4.24,0.4,454.963464,21743949,0.504
Malawi,2004,Developing,45.1,615,40,1.11,58.13583343,89,1116,15.5,65,94,7.82,23.4,274.2256294,1267638,0.366
Malawi,2003,Developing,44.6,613,43,1.08,4.375316094,84,167,15.2,70,85,6.35,24.2,26.152517,12336687,0.362
Malawi,2002,Developing,44,67,46,1.1,3.885394742,64,92,14.8,75,79,4.82,24.7,29.9798977,1213711,0.388
Malawi,2001,Developing,43.5,599,48,1.15,12.79760626,72,150,14.4,80,86,5.7,25.1,146.7615397,11695863,0.387
Malawi,2000,Developing,43.1,588,51,1.18,13.76270195,21,304,14.1,84,73,6.7,25.5,153.2594872,11376172,0.391
Mozambique,2001,Developing,49.5,48,90,2.09,37.82511936,25,7085,16.9,132,72,5.64,13.4,256.4414872,18588758,0.298
Mozambique,2000,Developing,49,43,93,1.14,47.17250718,30,7375,16.5,136,69,6.16,12.2,277.6486591,1867687,0.291
Namibia,2005,Developing,55.1,477,3,4.89,457.7200522,72,4,27.9,4,86,7.32,22.1,3573.146387,232196,0.565
Niger,2007,Developing,55.2,276,53,0.1,35.80929749,71,282,16.1,106,57,6.94,1.4,292.55962,14668338,0.293
Niger,2006,Developing,54.5,277,54,0.11,43.42193066,62,59,15.7,110,52,7.39,1.5,258.463873,1413264,0.286
Rwanda,2000,Developing,48.3,426,34,7.13,18.41791804,63,2095,13.2,57,9,4.22,8.5,216.172747,82573,0.318
Sierra Leone,2012,Developing,49.7,411,25,0.01,54.56033696,91,678,22.7,35,91,11.24,0.9,561.8984239,676613,0.401
Sierra Leone,2011,Developing,48.9,418,26,3.78,54.6659175,89,1865,22.2,38,88,11.98,1.3,445.525,6611692,0.392
Sierra Leone,2006,Developing,44.3,464,30,3.8,38.00075788,72,33,19.7,46,65,1.68,2.2,322.313468,5848692,0.348
Sierra Leone,2005,Developing,43.3,48,30,3.83,42.08892911,72,29,19.2,47,67,12.25,2.2,287.6891942,5658379,0.341
Sierra Leone,2004,Developing,42.3,496,30,3.99,38.52454761,63,7,18.8,47,69,11.66,2.1,263.145817,5439695,0.332
Sierra Leone,2003,Developing,41.5,57,30,4.07,38.61473209,68,586,18.4,47,66,11.69,1.9,263.7618312,5199549,0.322
Sierra Leone,2001,Developing,41,519,30,4.21,33.34691455,68,649,17.5,48,38,11.83,1.5,227.779471,4739147,0.302
Sierra Leone,2000,Developing,39,533,29,3.97,20.39568283,68,3575,17.2,48,46,13.63,1.2,139.3147734,4564297,0.292
South Africa,2002,Developing,54.9,459,54,7.04,346.5316007,72,1043,41.6,79,7,8.9,26.6,2518.398261,45855483,0.62
Togo,2001,Developing,54.6,345,14,0.95,2.048574874,63,1833,17.1,22,51,4.29,5.3,26.6394652,511177,0.426
Uganda,2002,Developing,48.8,523,112,10.42,2.690897842,29,49871,13.6,181,57,7.78,10,24.2423229,2571848,0.404
Uganda,2000,Developing,46.6,554,116,10.47,22.59447461,68,42554,13,191,55,6.77,11.6,257.63369,2439274,0.382
Zambia,2000,Developing,43.8,614,44,2.62,45.61688038,63,30930,16.8,72,85,7.16,18.7,341.955625,1531221,0.418
Zimbabwe,2006,Developing,45.4,7,28,4.57,34.26216876,68,212,27.9,45,71,5.12,26.8,414.796232,13124267,0.408
